"ACTION","REWARD","A0","A1","A2","A3","V"
"1","0.89","-0.153383","1.19075","0.208286","-0.0178534","-0.420861"
"2","1.0","0.0273712","0.172316","0.514414","-0.111015","0.28161"
