"ACTION","REWARD","A0","A1","A2","A3","V"
"1","0.7811","-7.89547","0.233496","-16.784","-0.243414","-44.4654"
"3","0.89","-22.4379","-25.5862","10.6229","3.80122","-16.2989"
"2","1.0","-22.4379","-25.5862","10.6229","3.80122","-16.2989"
