"ACTION","REWARD","A0","A1","A2","A3","V"
"2","0.89","0.773941","0.734009","0.840824","-0.0808493","0.594824"
"0","1.0","1.46478","-0.0258761","1.06502","0.759297","0.245146"
