"ACTION","REWARD","A0","A1","A2","A3","V"
"3","0.89","0.65219","1.13286","1.08986","1.84099","1.12895"
"1","1.0","0.0302461","1.12196","0.731838","-1.47544","-0.16221"
