"ACTION","REWARD","A0","A1","A2","A3","V"
"3","0.89","-0.214274","-0.926996","-0.0343304","1.36544","0.814124"
"0","1.0","3.68513","-4.07756","2.47214","-4.02461","-3.04267"
