"ACTION","REWARD","A0","A1","A2","A3","V"
"3","0.89","1.21094","-0.564445","0.254424","1.57099","0.082166"
"0","1.0","1.95934","0.232455","-0.0764437","0.142186","-0.0882994"
