"ACTION","REWARD","A0","A1","A2","A3","V"
"3","0.89","-0.377343","2.29064","-0.45038","0.308766","-0.907158"
"1","1.0","-1.11074","1.07876","-0.100057","-0.624655","-0.622483"
