"ACTION","REWARD","A0","A1","A2","A3","V"
"0","0.89","0.490227","0.0411911","0.315201","-0.221937","0.467066"
"3","1.0","-0.344021","0.502493","0.0137303","1.64048","-0.0965664"
