"ACTION","REWARD","A0","A1","A2","A3","V"
"0","0.89","1.08688","-0.840737","-0.854545","-0.338728","0.352102"
"3","1.0","-0.402792","-0.0713721","-0.658802","0.524453","0.232375"
