"ACTION","REWARD","A0","A1","A2","A3","V"
"2","-1.09","1.03854","-0.17392","1.11136","-0.487835","-1.71697"
"0","-1.0","0.206625","-0.697269","-0.93123","-0.64786","-1.99353"
