"ACTION","REWARD","A0","A1","A2","A3","V"
"2","0.89","-0.403246","-0.261618","0.892135","-0.169977","0.105788"
"0","1.0","0.318791","0.303806","-0.565366","-1.53333","-0.0828607"
