"ACTION","REWARD","A0","A1","A2","A3","V"
"2","-1.09","-50.825","39.508","-71.32","1.39522","-33.4583"
"1","-1.0","-32.8809","26.5726","-50.4194","-1.67299","-36.7582"
