"ACTION","REWARD","A0","A1","A2","A3","V"
"1","0.89","-0.881469","0.957757","-0.106794","0.990973","0.52743"
"3","1.0","1.43533","1.33991","1.15078","2.09265","0.58391"
