"ACTION","REWARD","A0","A1","A2","A3","V"
"2","-1.09","-1.33539","1.06397","2.23153","-1.20864","-3.67558"
"1","-1.0","-1.3903","0.671285","-0.151042","0.22856","-1.67455"
