"ACTION","REWARD","A0","A1","A2","A3","V"
"1","0.89","-0.572029","1.57822","0.0780493","1.09396","0.328759"
"3","1.0","0.45247","-0.711854","-0.373312","1.8768","-0.503373"
