"ACTION","REWARD","A0","A1","A2","A3","V"
"1","0.89","-0.264849","0.626467","-0.126195","-0.81555","0.132031"
"3","1.0","-0.997444","-1.8962","-0.958368","0.367898","-0.319743"
