"ACTION","REWARD","A0","A1","A2","A3","V"
"2","0.89","0.816292","0.929472","1.41226","-0.658796","0.816748"
"0","1.0","1.84925","0.865091","0.953244","-0.119388","0.166165"
