"ACTION","REWARD","A0","A1","A2","A3","V"
"1","0.89","0.0109847","1.8343","-0.0353705","-0.979431","-1.17402"
"3","1.0","-0.731834","0.215699","-1.00979","1.73268","-0.654778"
