"ACTION","REWARD","A0","A1","A2","A3","V"
"0","0.89","3.08547","0.169291","3.0814","0.33925","-1.23252"
"2","1.0","-0.125619","-0.280244","1.69003","0.595393","-0.55893"
