"ACTION","REWARD","A0","A1","A2","A3","V"
"2","0.89","0.448413","-0.316159","2.11977","0.142817","1.02947"
"0","1.0","0.755693","-0.0906925","-0.106254","-0.547909","-0.0319095"
