"ACTION","REWARD","A0","A1","A2","A3","V"
"1","0.89","1.33389","1.76944","0.420206","0.320777","0.846289"
"3","1.0","-0.401639","-1.88955","-0.543017","0.757579","0.508982"
