"ACTION","REWARD","A0","A1","A2","A3","V"
"0","0.89","1.7614","0.19858","0.0141709","1.73659","-0.660228"
"3","1.0","-0.630462","-0.959517","-1.14161","2.39573","-0.940219"
