"ACTION","REWARD","A0","A1","A2","A3","V"
"1","0.89","-0.314838","1.42968","0.215025","1.3615","0.931909"
"3","1.0","1.22379","1.25513","1.57194","1.84013","0.434582"
