"ACTION","REWARD","A0","A1","A2","A3","V"
"2","0.89","0.663094","0.989139","1.25114","-0.286925","0.63728"
"0","1.0","1.38146","0.592842","0.615298","0.520762","1.00674"
