"ACTION","REWARD","A0","A1","A2","A3","V"
"3","0.89","1.12684","0.149737","0.168431","2.04643","0.401678"
"0","1.0","1.59232","1.4986","-0.137012","1.32413","0.450148"
