"ACTION","REWARD","A0","A1","A2","A3","V"
"2","-1.09","-27.9233","-0.990832","4.32683","-17.9796","-33.3016"
"1","-1.0","-4.96519","24.7844","-13.9605","-25.4396","-22.1997"
