"ACTION","REWARD","A0","A1","A2","A3","V"
"1","0.89","-0.352031","1.75606","0.0331931","-0.267888","0.122111"
"2","1.0","1.41422","0.967733","1.83343","1.01204","0.76513"
