"ACTION","REWARD","A0","A1","A2","A3","V"
"2","0.89","1.26871","-0.305861","1.44326","0.0907222","0.283632"
"0","1.0","1.71838","-0.3854","0.105734","1.2665","-0.388352"
