"ACTION","REWARD","A0","A1","A2","A3","V"
"2","-1.09","-1.3246","0.221941","0.952719","-1.63962","-2.45182"
"1","-1.0","-1.15485","1.12366","0.0282703","-0.569511","-2.05258"
