"ACTION","REWARD","A0","A1","A2","A3","V"
"3","0.89","0.370678","0.793577","0.529386","2.86456","0.107223"
"1","1.0","-1.01819","0.591417","-0.333839","-0.176569","-0.257939"
