"ACTION","REWARD","A0","A1","A2","A3","V"
"1","0.89","-0.578563","1.04222","0.4181","0.461852","0.409303"
"3","1.0","-0.227617","-0.166879","-1.38209","1.08707","-0.350709"
