"ACTION","REWARD","A0","A1","A2","A3","V"
"3","0.89","0.606981","0.604562","0.0950666","0.689175","0.329031"
"0","1.0","1.12419","0.22043","-0.176863","-0.3523","0.0782746"
