"ACTION","REWARD","A0","A1","A2","A3","V"
"0","0.7811","0.507366","-1.29914","-0.845443","-0.719824","0.376506"
"0","0.89","1.16017","-0.526806","0.63206","-0.35261","0.357903"
"3","1.0","-0.208894","-1.83897","0.149503","0.172484","0.211713"
