"ACTION","REWARD","A0","A1","A2","A3","V"
"2","-1.09","-0.23915","-0.00707576","0.923663","-0.0618811","-3.13889"
"0","-1.0","0.881138","-1.03741","-0.977318","-0.63199","-2.5726"
