"ACTION","REWARD","A0","A1","A2","A3","V"
"2","-1.09","0.408821","0.0233315","0.870639","0.336799","-2.99843"
"0","-1.0","1.93801","-1.64383","0.122005","0.303293","-2.59326"
