"ACTION","REWARD","A0","A1","A2","A3","V"
"3","0.89","-0.30508","-1.21688","-1.3215","0.535366","-0.450358"
"0","1.0","-0.0351282","-1.62866","-1.72271","-0.150507","-0.404117"
