"ACTION","REWARD","A0","A1","A2","A3","V"
"3","0.89","0.267321","0.431851","-0.128265","0.421157","-0.026374"
"0","1.0","1.30774","0.801294","-0.913106","0.590137","0.0829611"
