"ACTION","REWARD","A0","A1","A2","A3","V"
"3","0.89","-0.977458","-0.0315872","-0.572138","0.681262","0.523617"
"0","1.0","0.766826","-0.474154","0.158035","-1.18589","-0.142837"
