"ACTION","REWARD","A0","A1","A2","A3","V"
"1","0.89","-0.438408","0.711642","-0.109135","0.0085278","0.30142"
"3","1.0","-0.315185","-1.04094","-0.150028","1.38344","-0.734467"
