"ACTION","REWARD","A0","A1","A2","A3","V"
"1","0.89","0.923799","1.58742","-0.697591","-0.552674","0.262253"
"2","1.0","-0.60694","-0.719247","0.374433","-1.25153","-0.173533"
