"ACTION","REWARD","A0","A1","A2","A3","V"
"3","-1.09","0.208856","0.703078","-0.886003","1.99319","-3.46509"
"1","-1.0","0.844376","2.08037","0.284714","0.52158","-2.36246"
