"ACTION","REWARD","A0","A1","A2","A3","V"
"3","0.89","0.915755","-0.267661","-0.0440729","2.31804","-0.123166"
"0","1.0","2.44113","1.82531","-0.793099","1.02514","-0.0343564"
