"ACTION","REWARD","A0","A1","A2","A3","V"
"1","0.89","0.271144","1.47489","-0.06921","-0.437556","0.455048"
"3","1.0","0.68803","-0.862048","-0.184888","0.696072","-0.194803"
