"ACTION","REWARD","A0","A1","A2","A3","V"
"2","0.89","-0.519608","-1.36314","1.60428","-0.0878166","0.0449438"
"0","1.0","0.476934","0.214294","-0.700469","-0.864736","0.0513402"
