"ACTION","REWARD","A0","A1","A2","A3","V"
"1","-1.09","-0.657561","1.83196","1.34307","-1.03367","-3.06666"
"2","-1.0","0.823887","-0.264837","2.63721","0.0838768","-2.744"
