"ACTION","REWARD","A0","A1","A2","A3","V"
"1","0.89","-0.580853","0.77938","-0.130776","0.383603","0.380271"
"3","1.0","0.354861","-0.986706","-0.791859","1.37148","-0.274271"
