"ACTION","REWARD","A0","A1","A2","A3","V"
"1","-1.09","0.272831","1.63979","0.269051","1.38754","-2.70576"
"3","-1.0","-0.525689","-0.039732","0.562315","1.70625","-2.27102"
