"ACTION","REWARD","A0","A1","A2","A3","V"
"2","0.89","-0.452527","0.48382","0.732175","-0.261165","0.312309"
"1","1.0","-0.577699","0.713407","-0.341852","0.38591","-0.328566"
