"ACTION","REWARD","A0","A1","A2","A3","V"
"0","0.89","6.91617","-14.0239","-7.87033","4.66829","-12.2729"
"3","1.0","-8.38778","-10.917","-3.03374","4.67076","-11.5928"
