"ACTION","REWARD","A0","A1","A2","A3","V"
"3","0.89","-9.22602","6.93196","-12.3842","6.97439","-12.4454"
"1","1.0","2.2128","5.22733","-6.31623","1.89619","-6.12517"
