"ACTION","REWARD","A0","A1","A2","A3","V"
"1","0.89","-0.238148","1.73812","-0.374745","0.00887578","-0.300741"
"3","1.0","-0.152519","1.23371","0.621733","1.88459","-0.147426"
