"ACTION","REWARD","A0","A1","A2","A3","V"
"3","0.89","0.709729","0.0128931","-0.192249","1.09841","0.448255"
"0","1.0","1.01666","-3.05185","-1.24628","0.54415","-0.65601"
