"ACTION","REWARD","A0","A1","A2","A3","V"
"2","0.89","-0.89065","0.859539","2.21348","-0.241741","-1.47049"
"1","1.0","-3.50423","2.48918","-0.98088","-0.137489","-1.97913"
