"ACTION","REWARD","A0","A1","A2","A3","V"
"3","0.89","0.715091","0.061455","-0.255616","1.19005","1.17394"
"0","1.0","1.86418","0.0148821","0.158736","-1.19125","-0.438041"
