"ACTION","REWARD","A0","A1","A2","A3","V"
"3","0.89","-0.395601","0.339845","0.132671","0.828823","0.0421754"
"1","1.0","0.199168","0.49487","-0.70798","-0.238453","0.0296066"
