"ACTION","REWARD","A0","A1","A2","A3","V"
"3","0.89","0.597109","0.694662","-1.69455","1.80189","0.0784678"
"1","1.0","-0.323152","1.70954","-0.243283","-0.0479641","-0.424535"
