"ACTION","REWARD","A0","A1","A2","A3","V"
"0","0.89","1.2057","-0.664538","-0.109898","0.570314","0.413545"
"2","1.0","-0.458255","0.360708","1.46684","0.536173","-0.0488493"
