"ACTION","REWARD","A0","A1","A2","A3","V"
"3","0.89","0.0257002","0.836493","-0.59048","1.49667","0.351747"
"1","1.0","1.17126","2.0322","0.16204","-1.45601","-0.217756"
