"ACTION","REWARD","A0","A1","A2","A3","V"
"1","0.89","-0.667693","0.927144","-0.625821","0.547908","0.676359"
"3","1.0","0.231867","-0.675889","0.102392","1.09677","0.05719"
