"ACTION","REWARD","A0","A1","A2","A3","V"
"1","0.89","0.654386","1.1503","0.477974","-3.37011","-0.439691"
"2","1.0","-0.933118","-0.499109","0.229985","-2.9649","-0.135754"
