"ACTION","REWARD","A0","A1","A2","A3","V"
"2","-1.09","0.953248","0.167767","1.37906","0.67135","-2.93681"
"0","-1.0","0.724225","-0.901554","-1.52762","-1.11573","-2.20881"
