"ACTION","REWARD","A0","A1","A2","A3","V"
"2","0.89","0.557935","0.331647","1.71596","-0.425605","0.6042"
"0","1.0","0.98984","-0.962791","0.489683","-0.318117","-0.0152209"
