"ACTION","REWARD","A0","A1","A2","A3","V"
"2","0.89","-0.980313","1.69496","2.13486","-0.552912","-1.26559"
"1","1.0","-3.8009","2.47947","-1.21321","0.434144","-2.08863"
