"ACTION","REWARD","A0","A1","A2","A3","V"
"1","0.89","-1.28913","2.55921","-0.642982","0.204668","-1.00171"
"3","1.0","0.548757","0.81742","-0.0725021","2.30203","-0.273445"
