"ACTION","REWARD","A0","A1","A2","A3","V"
"1","0.89","0.0363929","0.352667","0.881316","-0.380736","-0.0465485"
"2","1.0","-0.016717","0.858489","2.10598","0.485101","-0.0891029"
