"ACTION","REWARD","A0","A1","A2","A3","V"
"2","0.89","0.314839","-0.480276","0.64067","0.579248","1.66929"
"0","1.0","1.07535","-0.0344127","-0.39277","0.0816771","0.12069"
