"ACTION","REWARD","A0","A1","A2","A3","V"
"0","0.89","0.972969","0.253267","-0.522693","0.525075","0.821229"
"3","1.0","-0.261755","0.258019","0.0677337","0.586842","0.360466"
