"ACTION","REWARD","A0","A1","A2","A3","V"
"1","-1.09","0.144596","1.51025","1.23864","-0.657212","-3.1105"
"2","-1.0","1.70471","0.580292","5.51388","1.47993","-4.41517"
