"ACTION","REWARD","A0","A1","A2","A3","V"
"0","0.89","0.917942","-0.763413","0.505798","0.0866375","0.0563277"
"2","1.0","0.0698317","0.0305428","1.62121","0.613313","0.0272805"
