"ACTION","REWARD","A0","A1","A2","A3","V"
"3","0.89","0.130615","0.0847715","-0.137039","0.915963","0.448146"
"0","1.0","1.31307","-0.432575","0.0704602","-0.894294","-0.531057"
