"ACTION","REWARD","A0","A1","A2","A3","V"
"0","0.89","0.393627","-0.290022","0.0624141","0.121395","1.08697"
"3","1.0","0.403029","0.342972","0.25162","1.77558","-0.176561"
