"ACTION","REWARD","A0","A1","A2","A3","V"
"3","0.89","1.60791","0.255775","-0.04535","2.23191","0.923384"
"0","1.0","2.35814","0.685351","-0.351404","0.565477","0.129462"
