"ACTION","REWARD","A0","A1","A2","A3","V"
"1","0.89","-0.528088","0.530202","-0.0842083","-0.0536111","0.560099"
"2","1.0","-0.599341","0.947431","1.19169","0.404054","0.362333"
