"ACTION","REWARD","A0","A1","A2","A3","V"
"1","0.89","-1.04513","2.22158","-0.822722","0.506894","-0.449501"
"3","1.0","-0.283233","1.56244","-0.0158825","2.05112","-0.0188647"
