"ACTION","REWARD","A0","A1","A2","A3","V"
"3","0.89","1.01419","-0.709159","-0.433648","1.20642","0.172816"
"0","1.0","0.239228","-0.477904","-1.24306","-0.343408","0.378584"
