"ACTION","REWARD","A0","A1","A2","A3","V"
"3","-1.09","-0.366634","2.10088","-0.276176","1.65448","-3.29374"
"1","-1.0","0.802686","2.66097","-1.22001","0.032662","-3.04788"
