"ACTION","REWARD","A0","A1","A2","A3","V"
"3","0.89","-1.0463","-2.74309","-2.19371","-0.195201","-1.1659"
"0","1.0","0.672254","-1.74321","-2.72565","-0.80395","-1.80311"
