"ACTION","REWARD","A0","A1","A2","A3","V"
"2","-1.09","-0.116338","0.601783","0.637053","0.595686","-0.315559"
"1","-1.0","-1.26107","2.73691","-0.432736","2.61576","-2.26052"
