"ACTION","REWARD","A0","A1","A2","A3","V"
"1","0.89","-0.993384","2.51378","-0.59182","0.520217","-1.0293"
"3","1.0","-0.347387","0.592749","0.720932","1.60051","0.0183693"
