"ACTION","REWARD","A0","A1","A2","A3","V"
"2","-1.09","0.677992","1.55824","2.10268","-0.114404","-3.8456"
"1","-1.0","-0.0245803","1.47619","1.12998","0.071215","-1.69239"
