"ACTION","REWARD","A0","A1","A2","A3","V"
"2","0.89","-0.272827","0.148162","0.592934","0.313218","0.115021"
"1","1.0","-0.500986","1.73291","-0.193338","-0.367384","-0.65614"
