"ACTION","REWARD","A0","A1","A2","A3","V"
"3","0.89","-0.508535","1.37036","-1.18686","2.5051","0.045401"
"1","1.0","2.00341","2.41715","-0.445927","-2.63038","-0.62119"
