"ACTION","REWARD","A0","A1","A2","A3","V"
"2","0.89","0.104358","1.16253","1.85522","-0.670778","-0.924598"
"1","1.0","-1.17007","2.1337","0.250663","0.829248","-1.54213"
