"ACTION","REWARD","A0","A1","A2","A3","V"
"2","0.89","-10.3252","5.19246","10.4669","-13.093","-9.34844"
"1","1.0","6.38443","13.7264","-7.08961","-9.90358","-7.28843"
