"ACTION","REWARD","A0","A1","A2","A3","V"
"1","-1.09","0.486215","1.56428","1.46654","-0.415169","-3.22678"
"2","-1.0","2.01649","0.670179","6.15344","1.07632","-4.76464"
