"ACTION","REWARD","A0","A1","A2","A3","V"
"1","0.89","-0.394873","0.376159","0.0362276","0.00416843","0.535433"
"2","1.0","-0.607352","1.22644","1.65124","1.18807","0.139775"
