"ACTION","REWARD","A0","A1","A2","A3","V"
"3","0.89","0.717704","0.155764","1.53157","2.21002","0.14697"
"1","1.0","0.0424911","1.31659","-1.39775","-0.812194","-0.248431"
