"ACTION","REWARD","A0","A1","A2","A3","V"
"2","-1.09","1.05299","0.527654","1.51871","0.581327","-2.27083"
"0","-1.0","0.399498","-0.535903","-0.854366","-1.25723","-1.67379"
