"ACTION","REWARD","A0","A1","A2","A3","V"
"1","0.89","-0.413937","0.613085","-0.728755","0.517789","0.784049"
"3","1.0","0.143162","0.200221","0.227308","0.789992","0.243717"
