"ACTION","REWARD","A0","A1","A2","A3","V"
"2","0.89","-0.382424","-0.202224","1.17532","-0.427859","0.493299"
"0","1.0","1.39316","-1.39549","1.0895","0.365955","-0.148961"
