"ACTION","REWARD","A0","A1","A2","A3","V"
"0","0.89","-0.125957","-0.156795","0.792379","-0.110341","0.23638"
"2","1.0","-0.0699318","-0.502227","1.30342","0.0557914","-0.264513"
