"ACTION","REWARD","A0","A1","A2","A3","V"
"0","0.89","0.126493","-0.342808","-0.527771","0.116967","0.587741"
"3","1.0","-0.0773822","-0.130398","0.0942727","0.751848","0.133314"
