"ACTION","REWARD","A0","A1","A2","A3","V"
"3","-1.09","0.0476199","0.157191","0.0246384","0.639131","-1.42406"
"1","-1.0","0.488332","0.872665","-0.491138","0.391327","-1.19437"
