"ACTION","REWARD","A0","A1","A2","A3","V"
"1","0.89","-1.69054","0.969683","-1.15886","0.659056","-2.74657"
"3","1.0","-3.74467","-2.74502","-1.42934","0.619616","-2.47297"
