"ACTION","REWARD","A0","A1","A2","A3","V"
"2","0.89","-0.442104","0.11893","0.295033","0.0589874","0.161192"
"1","1.0","0.0103559","1.17885","-0.181164","-0.0808717","-0.352077"
