"ACTION","REWARD","A0","A1","A2","A3","V"
"1","0.89","0.29778","1.26474","-0.368238","0.535367","0.356608"
"3","1.0","-0.125284","0.671644","0.00315836","1.41699","0.105618"
