"ACTION","REWARD","A0","A1","A2","A3","V"
"3","0.89","1.5892","-0.797057","0.464528","2.13071","0.0180515"
"0","1.0","1.93699","-0.536568","0.83469","1.24808","0.344177"
