"ACTION","REWARD","A0","A1","A2","A3","V"
"0","0.89","1.05673","-0.145316","-0.213855","-0.544273","0.565439"
"2","1.0","1.05835","0.918637","1.57679","-1.05684","-0.0649119"
