"ACTION","REWARD","A0","A1","A2","A3","V"
"3","0.89","-0.172901","-0.912989","0.185935","0.333343","-0.0318026"
"0","1.0","1.23374","0.504721","0.221395","-0.614543","-0.241267"
