"ACTION","REWARD","A0","A1","A2","A3","V"
"0","0.89","0.487496","0.0418315","-0.0634731","-0.67776","0.791254"
"2","1.0","1.48605","0.365205","1.73191","-0.346032","-0.10653"
