"ACTION","REWARD","A0","A1","A2","A3","V"
"3","0.89","0.125189","-0.396298","-0.754792","0.151084","0.627957"
"0","1.0","0.400232","-1.80389","-0.0977079","-1.06259","-0.227044"
