"ACTION","REWARD","A0","A1","A2","A3","V"
"1","-1.09","-0.200616","-0.120328","-0.601862","0.852122","-2.68576"
"3","-1.0","0.653633","0.350935","-0.102269","1.86828","-3.65709"
