"ACTION","REWARD","A0","A1","A2","A3","V"
"1","0.89","1.08983","3.0517","-2.99636","2.69593","-0.300188"
"3","1.0","1.41166","-0.669447","-2.5871","1.70368","-0.805172"
