"ACTION","REWARD","A0","A1","A2","A3","V"
"3","0.89","0.588335","-1.62949","-0.877343","1.2576","-0.514004"
"0","1.0","1.51765","-0.907598","1.23907","-0.277905","-0.288061"
