"ACTION","REWARD","A0","A1","A2","A3","V"
"2","0.89","-0.315919","1.21717","-0.0865187","0.122515","0.670479"
"1","1.0","-0.768187","0.233722","0.185701","0.0841109","0.523942"
