"ACTION","REWARD","A0","A1","A2","A3","V"
"3","0.89","-0.0129934","-0.33864","-0.543493","0.159751","0.942623"
"0","1.0","0.300705","-2.05418","-0.434641","-0.565256","-0.287928"
