"ACTION","REWARD","A0","A1","A2","A3","V"
"0","0.89","1.09686","-0.372794","0.00522264","0.997977","0.426642"
"3","1.0","0.934592","1.16076","-0.524921","1.5961","0.247336"
