"ACTION","REWARD","A0","A1","A2","A3","V"
"2","0.89","-0.545728","0.37956","0.806713","-0.312259","0.569206"
"1","1.0","-0.32503","1.10447","-0.18782","-0.218742","-0.158795"
