"ACTION","REWARD","A0","A1","A2","A3","V"
"1","0.89","-0.996442","1.32813","0.901938","-0.266454","-0.32145"
"2","1.0","0.0650724","0.554186","1.29019","0.371416","0.0836031"
