"ACTION","REWARD","A0","A1","A2","A3","V"
"0","0.89","0.463738","-0.479649","-0.29512","-0.218457","0.26321"
"3","1.0","-0.674271","0.204108","-0.419543","0.350257","0.0227583"
