"ACTION","REWARD","A0","A1","A2","A3","V"
"0","0.89","0.137971","-0.349433","-0.6335","0.0110624","0.74576"
"3","1.0","0.352318","-1.37045","-0.163749","0.631055","0.0746675"
