"ACTION","REWARD","A0","A1","A2","A3","V"
"0","0.89","1.59891","-0.932189","-0.167117","1.4078","0.581631"
"3","1.0","0.523793","0.349845","-0.0938912","2.06493","0.024703"
