"ACTION","REWARD","A0","A1","A2","A3","V"
"2","0.89","-0.153249","0.173388","0.534396","-0.185091","0.389087"
"0","1.0","0.356177","0.147606","-0.224485","-1.06497","0.240065"
