"ACTION","REWARD","A0","A1","A2","A3","V"
"1","0.89","0.263616","1.55523","-1.87686","1.2096","-0.078317"
"3","1.0","0.462133","0.536645","-1.77275","1.09331","-0.46156"
