"ACTION","REWARD","A0","A1","A2","A3","V"
"0","0.89","2.18513","0.0123239","-1.44172","1.75529","0.00998302"
"3","1.0","1.33494","1.13176","-1.57084","2.30764","-0.192287"
