"ACTION","REWARD","A0","A1","A2","A3","V"
"2","0.89","-1.19095","0.224204","2.02813","0.738404","0.660381"
"0","1.0","1.09147","-1.60541","1.05559","0.634349","0.187127"
