"ACTION","REWARD","A0","A1","A2","A3","V"
"3","0.89","-0.408653","-0.101039","-0.535656","0.885645","-0.993834"
"1","1.0","-1.35903","0.753173","-0.227996","-0.315465","-1.08743"
