"ACTION","REWARD","A0","A1","A2","A3","V"
"3","-1.09","2.10848","0.519089","-12.741","5.26302","-6.74846"
"0","-1.0","-0.193047","-2.07462","-6.57621","-3.767","-2.9088"
