"ACTION","REWARD","A0","A1","A2","A3","V"
"2","0.89","0.449013","0.661519","1.28472","1.14193","1.18064"
"1","1.0","-0.221489","0.998603","-0.21249","-0.201479","0.0319225"
