"ACTION","REWARD","A0","A1","A2","A3","V"
"3","0.89","1.32146","2.68627","-2.71026","2.69273","0.0312756"
"1","1.0","-1.43701","1.00701","0.896704","0.563032","0.165596"
