"ACTION","REWARD","A0","A1","A2","A3","V"
"1","0.89","2.04902","3.09664","-2.78512","2.95399","0.335046"
"3","1.0","0.84726","0.173181","-2.22347","1.79495","-0.817764"
