"ACTION","REWARD","A0","A1","A2","A3","V"
"3","0.89","0.72961","1.61629","-1.5944","1.6774","0.0112164"
"1","1.0","-1.4355","1.45341","0.863806","0.660313","0.0725572"
