"ACTION","REWARD","A0","A1","A2","A3","V"
"0","0.89","1.10148","0.210831","0.324403","-1.24958","0.375485"
"2","1.0","1.60411","1.21056","2.05032","-1.33618","-0.324416"
