"ACTION","REWARD","A0","A1","A2","A3","V"
"1","0.89","-0.343922","0.945297","0.580179","-2.17772","0.0137723"
"2","1.0","-2.27862","-0.917962","-0.187003","-3.02971","-0.298868"
