"ACTION","REWARD","A0","A1","A2","A3","V"
"0","0.89","0.394872","-0.301993","-0.451755","0.13168","0.69558"
"3","1.0","-0.182294","-0.829652","0.214695","0.947495","0.0187899"
