"ACTION","REWARD","A0","A1","A2","A3","V"
"1","0.89","-0.403608","1.50931","0.709384","-0.177388","0.403853"
"2","1.0","2.43426","-2.95643","2.94374","1.22413","-1.00054"
