"ACTION","REWARD","A0","A1","A2","A3","V"
"2","0.89","-0.0741618","0.457957","1.1295","-1.68276","-0.0395913"
"1","1.0","-0.0389861","0.737269","-0.105191","-0.333275","0.452333"
