"ACTION","REWARD","A0","A1","A2","A3","V"
"0","0.89","1.41873","0.546123","0.272718","0.0425558","0.692404"
"2","1.0","-0.80788","-1.32055","0.278469","0.23208","0.0628983"
