"ACTION","REWARD","A0","A1","A2","A3","V"
"3","-1.09","0.0885089","0.0291072","-0.252354","0.84113","-3.31189"
"1","-1.0","-1.1354","2.49974","-0.362461","1.50202","-3.4431"
