"ACTION","REWARD","A0","A1","A2","A3","V"
"2","0.89","-2.27068","0.45768","1.83526","-1.11067","-0.75392"
"1","1.0","-1.6311","0.30723","-0.528393","-0.44118","-0.149619"
