"ACTION","REWARD","A0","A1","A2","A3","V"
"3","0.89","-0.793176","1.26371","-0.498414","1.38484","-1.11725"
"1","1.0","-0.214377","2.05565","-0.840309","0.38599","-0.434173"
