"ACTION","REWARD","A0","A1","A2","A3","V"
"2","0.89","-2.01333","0.913497","1.88937","-1.36969","-0.696431"
"1","1.0","-1.34558","0.76179","-0.323776","-1.34063","-0.0284489"
