"ACTION","REWARD","A0","A1","A2","A3","V"
"3","0.89","-2.26267","-0.0295522","-1.02881","-0.0189028","0.0205709"
"1","1.0","0.757187","1.51004","0.719698","-0.81515","-0.0754391"
