"ACTION","REWARD","A0","A1","A2","A3","V"
"3","0.89","-0.831822","0.709866","-1.00042","0.768533","-0.766017"
"1","1.0","-0.103847","2.68317","-2.70732","0.658398","-0.498636"
