"ACTION","REWARD","A0","A1","A2","A3","V"
"2","0.89","-0.23366","-0.158664","0.701176","-0.903645","-0.00088093"
"1","1.0","0.829657","0.952173","-0.123784","-0.520539","-0.0385222"
