"ACTION","REWARD","A0","A1","A2","A3","V"
"3","-1.09","-0.945525","0.441871","-0.58405","1.37551","-3.46083"
"1","-1.0","-0.466524","2.85751","-0.521768","0.418577","-3.38945"
