"ACTION","REWARD","A0","A1","A2","A3","V"
"0","0.89","2.1573","-1.01472","1.7454","1.57797","-0.176591"
"2","1.0","0.437377","-0.5008","0.990881","0.480728","0.303406"
