"ACTION","REWARD","A0","A1","A2","A3","V"
"0","-1.09","2.91821","-0.478006","1.48988","-0.235118","-3.69163"
"2","-1.0","-0.432916","-1.01347","1.24539","0.610329","-2.37899"
