"ACTION","REWARD","A0","A1","A2","A3","V"
"3","0.89","-0.364697","-1.57018","0.154014","1.33779","4.98694e-05"
"0","1.0","1.0352","0.502281","-0.0956321","-0.19637","-0.000800037"
