"ACTION","REWARD","A0","A1","A2","A3","V"
"1","-1.09","-1.11493","1.24547","0.772172","-1.24708","-3.08815"
"2","-1.0","-1.2689","-3.59361","1.15936","0.480404","-2.75103"
