"ACTION","REWARD","A0","A1","A2","A3","V"
"0","0.89","1.86073","0.487007","1.85729","-0.540037","0.000550997"
"2","1.0","-0.926067","0.409006","1.30291","-0.629623","-0.405185"
