"ACTION","REWARD","A0","A1","A2","A3","V"
"2","-1.09","-1.19124","0.320657","0.879802","-1.36768","-2.78693"
"1","-1.0","-1.32556","2.12447","-0.0317495","-1.4226","-3.17156"
