"ACTION","REWARD","A0","A1","A2","A3","V"
"2","-1.09","2.57955","-1.49469","3.1154","-0.690407","-3.65748"
"0","-1.0","2.28384","0.106263","-0.192591","-0.63142","-2.72966"
