"ACTION","REWARD","A0","A1","A2","A3","V"
"1","0.89","-0.881065","1.66468","1.05877","-0.973035","0.0"
"2","1.0","0.26807","-0.0123925","1.25308","-0.774335","-0.0273778"
