"ACTION","REWARD","A0","A1","A2","A3","V"
"0","-1.09","2.10214","-0.937062","2.1136","-0.768129","-3.46193"
"2","-1.0","-0.218959","-0.960784","1.6235","-0.0455379","-2.18036"
