"ACTION","REWARD","A0","A1","A2","A3","V"
"1","0.89","0.501877","1.51843","0.111389","-0.945592","0.0110761"
"2","1.0","-0.139673","-0.976751","1.0193","-1.67772","-0.221495"
