"ACTION","REWARD","A0","A1","A2","A3","V"
"1","-1.09","-0.490673","0.666864","-0.492096","0.577413","-2.6656"
"3","-1.0","-0.45455","-0.368985","-0.64708","0.790737","-2.08949"
