"ACTION","REWARD","A0","A1","A2","A3","V"
"2","-1.1791000000000003","17.3787","-2.98017","98.3423","-37.8942","3.01085"
"3","-1.09","17.3787","-2.98017","98.3423","-37.8942","3.01085"
"0","-1.0","47.4146","8.04322","80.4593","-5.75123","-10.8439"
