"ACTION","REWARD","A0","A1","A2","A3","V"
"2","0.89","0.116175","0.462106","0.644286","-0.369842","0.635595"
"1","1.0","-0.606028","0.889111","0.7227","-0.418278","0.0210195"
