"ACTION","REWARD","A0","A1","A2","A3","V"
"3","0.89","-1.66848","2.34709","-2.24652","2.27004","-0.92684"
"1","1.0","-0.243788","1.33921","-1.06569","-0.213618","-0.212919"
