"ACTION","REWARD","A0","A1","A2","A3","V"
"3","0.89","0.942712","-1.92269","0.506517","1.65868","0.301422"
"0","1.0","0.708408","-4.02198","-0.400432","-0.800989","-1.15627"
