"ACTION","REWARD","A0","A1","A2","A3","V"
"1","0.89","0.697558","2.36935","1.14139","-0.304181","-0.00224303"
"2","1.0","0.652807","-0.434866","1.71672","-0.317558","-0.29195"
