"ACTION","REWARD","A0","A1","A2","A3","V"
"2","0.89","1.35598","0.913692","2.08802","-0.41882","0.145811"
"0","1.0","0.951132","0.047979","0.547332","0.278218","0.18106"
